-- ============================================================================
-- seed.sql — Datos reales importados de Control_Prestamos.xlsx
-- Ejecutar DESPUÉS de schema.sql en el SQL Editor de Supabase.
-- Idempotente: limpia las tablas antes de insertar.
-- ============================================================================

truncate table pagos, prestamos, movimientos_caja, clientes restart identity cascade;

-- CONFIG (una sola fila)
insert into config (id, tipo_cambio, aporte_inicial, deuda_carro_total, pct_carro, pct_reinversion, pct_ahorro, pct_gastos)
values (1, 3.75, 35000, 45000, 0.6, 0.25, 0.1, 0.05)
on conflict (id) do update set
  tipo_cambio = excluded.tipo_cambio,
  aporte_inicial = excluded.aporte_inicial,
  deuda_carro_total = excluded.deuda_carro_total;

-- FONDO DEL CARRO
delete from fondo_carro;
insert into fondo_carro (deuda_total, amortizado) values (45000, 0);

-- CLIENTES
insert into clientes (id, nombre, dni, celular, direccion, trabajo, empresa, referido_por, score, observaciones) values
  ('928c6512-b3a8-a0dc-74a9-3ee63e77842a', 'Alexis', null, '912345678', null, null, null, null, 4, 'Importado de Control_Prestamos.xlsx'),
  ('dd21c430-c85f-b420-8fa0-8ed975561e3c', 'Richard', null, '913580245', null, null, null, null, 1, 'Importado de Control_Prestamos.xlsx'),
  ('5027ad67-85b2-ae53-c4cb-f2bdfd5ecf89', 'Raquel', null, '914814812', null, null, null, null, 1, 'Importado de Control_Prestamos.xlsx'),
  ('9314e82c-a0f0-204c-2c5b-49979787ad73', 'Giosepi', null, '916049379', null, null, null, null, 4, 'Importado de Control_Prestamos.xlsx'),
  ('31d09894-2743-ed8b-46ac-13e7bc22e30e', 'Javier', null, '917283946', null, null, null, null, 4, 'Importado de Control_Prestamos.xlsx'),
  ('acdb6b7d-5886-b415-45ea-dd38a3e3b3cd', 'Amiga Andrea', null, '918518513', null, null, null, null, 4, 'Importado de Control_Prestamos.xlsx'),
  ('2dff3377-3b62-ea14-1643-bf38eeb49930', 'Juan', null, '919753080', null, null, null, null, 4, 'Importado de Control_Prestamos.xlsx'),
  ('5fd8dae3-0c96-6cd0-9250-7fed5ada3f63', 'Hermano Javier', null, '920987647', null, null, null, null, 4, 'Importado de Control_Prestamos.xlsx'),
  ('7bd10d0f-9f28-ddeb-ecf7-17260ab31f72', 'Andrea', null, '922222214', null, null, null, null, 4, 'Importado de Control_Prestamos.xlsx'),
  ('4197da95-12d3-aaab-bb46-7f40ff1374bb', 'SeñOr Juan', null, '923456781', null, null, null, null, 3, 'Importado de Control_Prestamos.xlsx'),
  ('3f2af4b4-ca7c-9f67-e423-91e62f62cdf2', 'Kath', null, '924691348', null, null, null, null, 4, 'Importado de Control_Prestamos.xlsx'),
  ('0005b353-2a75-6a37-7636-a4c7c2b5fb37', 'SeñOra Papa', null, '925925915', null, null, null, null, 3, 'Importado de Control_Prestamos.xlsx'),
  ('4e2fcf2a-8d0a-b8d7-5a02-51d201ba312e', 'Enger', null, '927160482', null, null, null, null, 4, 'Importado de Control_Prestamos.xlsx'),
  ('a41b227b-b37e-d933-aa19-53c0089d636b', 'Johana', null, '928395049', null, null, null, null, 3, 'Importado de Control_Prestamos.xlsx'),
  ('070b9fb7-d856-1a9c-2074-69a93bec8eb6', 'Jorly', null, '929629616', null, null, null, null, 4, 'Importado de Control_Prestamos.xlsx'),
  ('a03aa040-c266-d329-7501-677d666cd908', 'Hermana Andrea', null, '930864183', null, null, null, null, 4, 'Importado de Control_Prestamos.xlsx'),
  ('71f7df43-3489-fed9-f024-8e242f3a1aee', 'Hermano Javier 2', null, '932098750', null, null, null, null, 4, 'Importado de Control_Prestamos.xlsx'),
  ('76489c47-bc4c-79ee-7cd0-f318aac79ef1', 'Jean Pablo', null, '933333317', null, null, null, null, 4, 'Importado de Control_Prestamos.xlsx');

-- PRESTAMOS
insert into prestamos (id, cliente_id, capital, moneda, tasa_interes, interes_mensual, dia_pago, fecha_inicio, estado, capital_pendiente) values
  ('33efbb16-ece8-550f-f8ef-f9fd435442fc', '928c6512-b3a8-a0dc-74a9-3ee63e77842a', 1330, 'PEN', 20, 266, 1, '2025-12-01', 'activo', 1330),
  ('8208a34c-870e-c1cd-db1b-092f464b3392', 'dd21c430-c85f-b420-8fa0-8ed975561e3c', 500, 'PEN', 20, 100, 2, '2025-11-02', 'moroso', 500),
  ('99b45daa-8741-b15e-14d9-42abe462a263', '5027ad67-85b2-ae53-c4cb-f2bdfd5ecf89', 1000, 'PEN', 20, 200, 8, '2025-11-08', 'moroso', 1000),
  ('b736e144-c017-4b6e-779a-fed98064964b', '9314e82c-a0f0-204c-2c5b-49979787ad73', 100, 'PEN', 20, 20, 9, '2025-12-09', 'activo', 100),
  ('88a53bd9-ceac-c301-5f3a-ccc49e1b1690', '31d09894-2743-ed8b-46ac-13e7bc22e30e', 600, 'PEN', 20, 120, 9, '2025-11-09', 'activo', 600),
  ('27dd73dc-725c-552c-52ff-976aeed6986d', '928c6512-b3a8-a0dc-74a9-3ee63e77842a', 2000, 'PEN', 20, 400, 10, '2026-03-10', 'activo', 2000),
  ('82694718-7a8f-f091-889d-4665e660e6b1', '31d09894-2743-ed8b-46ac-13e7bc22e30e', 300, 'PEN', 20, 60, 13, '2026-06-13', 'activo', 300),
  ('3bc01a66-51e0-412e-de4a-5d5e35dca701', 'acdb6b7d-5886-b415-45ea-dd38a3e3b3cd', 1000, 'PEN', 20, 200, 14, '2025-12-14', 'activo', 1000),
  ('53ea0c24-74a1-6a22-8c5a-ac0836b5cd91', '2dff3377-3b62-ea14-1643-bf38eeb49930', 2900, 'PEN', 20, 580, 15, '2026-03-15', 'activo', 2900),
  ('e3fea286-4ade-777a-e659-cb7bd26b3c24', '5fd8dae3-0c96-6cd0-9250-7fed5ada3f63', 100, 'PEN', 20, 20, 15, '2026-05-15', 'activo', 100),
  ('a2a7f427-efe1-435d-ac5b-7f9aa6a468ff', '7bd10d0f-9f28-ddeb-ecf7-17260ab31f72', 2000, 'PEN', 20, 200, 15, '2026-02-15', 'activo', 2000),
  ('62914924-641b-0d90-8572-e9f2d86874d2', '4197da95-12d3-aaab-bb46-7f40ff1374bb', 1000, 'PEN', 20, 200, 15, '2026-06-15', 'activo', 1000),
  ('63b5aa35-1876-4dd3-1a0c-a42bec79e9e6', '928c6512-b3a8-a0dc-74a9-3ee63e77842a', 800, 'PEN', 20, 160, 16, '2026-02-16', 'activo', 800),
  ('2594cd0f-8a9e-fdc5-6c53-684abbee9eca', '3f2af4b4-ca7c-9f67-e423-91e62f62cdf2', 150, 'USD', 20, 30, 16, '2026-02-16', 'activo', 150),
  ('8aa10d94-ea65-d379-32fd-aa1e9ce5d0a0', '0005b353-2a75-6a37-7636-a4c7c2b5fb37', 1000, 'PEN', 20, 200, 17, '2026-06-17', 'activo', 1000),
  ('9f54d76c-768d-cc38-bde0-5def1f4ba83b', '4e2fcf2a-8d0a-b8d7-5a02-51d201ba312e', 360, 'PEN', 20, 72, 24, '2025-11-24', 'activo', 360),
  ('1e6219ed-8486-5bf8-0dd9-1081c589a609', 'a41b227b-b37e-d933-aa19-53c0089d636b', 323, 'USD', 20, 64.6, 28, '2025-12-28', 'activo', 323),
  ('e9600ce5-a84e-aa03-21de-55dfe204321a', '070b9fb7-d856-1a9c-2074-69a93bec8eb6', 1500, 'PEN', 20, 300, 28, '2025-11-28', 'activo', 1500),
  ('9ee95078-5ddb-5857-07f5-3e28b40da3b9', 'a03aa040-c266-d329-7501-677d666cd908', 1000, 'PEN', 20, 200, 28, '2025-12-28', 'activo', 1000),
  ('6a45b2e0-59eb-bf6f-2d13-729c77591715', 'a03aa040-c266-d329-7501-677d666cd908', 1000, 'PEN', 20, 200, 28, '2026-02-28', 'activo', 1000),
  ('6807ce7b-0df8-cfdc-9dc4-9ce48b5f0eec', '5fd8dae3-0c96-6cd0-9250-7fed5ada3f63', 1000, 'PEN', 20, 200, 28, '2025-11-28', 'activo', 1000),
  ('891cf3d7-a086-6855-5bb7-6334b9114036', '71f7df43-3489-fed9-f024-8e242f3a1aee', 1000, 'PEN', 20, 200, 28, '2025-11-28', 'activo', 1000),
  ('5c9fb355-be6a-f8ce-56c7-dcb419da059e', '76489c47-bc4c-79ee-7cd0-f318aac79ef1', 3000, 'PEN', 20, 600, 28, '2026-04-28', 'activo', 3000),
  ('3e2f46e4-1f07-9fd9-68f5-861908c2ac44', '2dff3377-3b62-ea14-1643-bf38eeb49930', 2600, 'PEN', 20, 520, 28, '2026-03-28', 'activo', 2600),
  ('6aff56dd-da62-164a-3d89-232ea18c3215', '2dff3377-3b62-ea14-1643-bf38eeb49930', 150, 'USD', 20, 30, 28, '2026-03-28', 'activo', 150);

-- PAGOS
insert into pagos (id, prestamo_id, cliente_id, fecha, monto, moneda, tipo) values
  ('7ca6b30a-1978-eb0f-4d76-aeae8afefc6a', '33efbb16-ece8-550f-f8ef-f9fd435442fc', '928c6512-b3a8-a0dc-74a9-3ee63e77842a', '2025-12-01', 266, 'PEN', 'interes'),
  ('37d89278-154d-5a75-efb0-191f6dc0c938', '33efbb16-ece8-550f-f8ef-f9fd435442fc', '928c6512-b3a8-a0dc-74a9-3ee63e77842a', '2026-01-01', 266, 'PEN', 'interes'),
  ('7cc24e88-9c80-a415-47f5-f87b27a47b46', '33efbb16-ece8-550f-f8ef-f9fd435442fc', '928c6512-b3a8-a0dc-74a9-3ee63e77842a', '2026-02-01', 266, 'PEN', 'interes'),
  ('a68f8b25-19f0-232b-b28a-3853be5f3398', '33efbb16-ece8-550f-f8ef-f9fd435442fc', '928c6512-b3a8-a0dc-74a9-3ee63e77842a', '2026-03-01', 266, 'PEN', 'interes'),
  ('9a70cd61-9725-6625-8ceb-3e6e446a2bd1', '33efbb16-ece8-550f-f8ef-f9fd435442fc', '928c6512-b3a8-a0dc-74a9-3ee63e77842a', '2026-04-01', 266, 'PEN', 'interes'),
  ('312faec7-7c82-98d8-a6b4-152b3afef60b', '33efbb16-ece8-550f-f8ef-f9fd435442fc', '928c6512-b3a8-a0dc-74a9-3ee63e77842a', '2026-05-01', 266, 'PEN', 'interes'),
  ('46a6d473-fd51-86c4-fd2a-26a8792d32de', '33efbb16-ece8-550f-f8ef-f9fd435442fc', '928c6512-b3a8-a0dc-74a9-3ee63e77842a', '2026-06-01', 266, 'PEN', 'interes'),
  ('693e6b55-8793-555f-1e66-8f9107861873', 'b736e144-c017-4b6e-779a-fed98064964b', '9314e82c-a0f0-204c-2c5b-49979787ad73', '2025-12-09', 20, 'PEN', 'interes'),
  ('c9389e35-fd87-0d72-6e66-cd30ba65119a', 'b736e144-c017-4b6e-779a-fed98064964b', '9314e82c-a0f0-204c-2c5b-49979787ad73', '2026-01-09', 20, 'PEN', 'interes'),
  ('a51282c3-61ac-9aa8-56c2-5ee5ef7bbea8', 'b736e144-c017-4b6e-779a-fed98064964b', '9314e82c-a0f0-204c-2c5b-49979787ad73', '2026-02-09', 20, 'PEN', 'interes'),
  ('4e822785-ae76-f66a-ac27-472935524481', 'b736e144-c017-4b6e-779a-fed98064964b', '9314e82c-a0f0-204c-2c5b-49979787ad73', '2026-03-09', 20, 'PEN', 'interes'),
  ('41f916a3-56ed-4489-85dc-a3e07ed23c46', 'b736e144-c017-4b6e-779a-fed98064964b', '9314e82c-a0f0-204c-2c5b-49979787ad73', '2026-04-09', 20, 'PEN', 'interes'),
  ('f749249d-ff9a-e37c-52c4-b85b3171ff2d', 'b736e144-c017-4b6e-779a-fed98064964b', '9314e82c-a0f0-204c-2c5b-49979787ad73', '2026-05-09', 20, 'PEN', 'interes'),
  ('85eb03c5-bf66-d6b4-09c1-918acb9d9d5d', 'b736e144-c017-4b6e-779a-fed98064964b', '9314e82c-a0f0-204c-2c5b-49979787ad73', '2026-06-09', 20, 'PEN', 'interes'),
  ('7faccf8e-e0cc-0a8e-0eda-8a72d76e4557', '88a53bd9-ceac-c301-5f3a-ccc49e1b1690', '31d09894-2743-ed8b-46ac-13e7bc22e30e', '2025-11-09', 120, 'PEN', 'interes'),
  ('89ce27f3-0b82-1d4a-1566-6a3777615590', '88a53bd9-ceac-c301-5f3a-ccc49e1b1690', '31d09894-2743-ed8b-46ac-13e7bc22e30e', '2025-12-09', 120, 'PEN', 'interes'),
  ('a5009b86-46d5-6b77-287a-ddccd34efd11', '88a53bd9-ceac-c301-5f3a-ccc49e1b1690', '31d09894-2743-ed8b-46ac-13e7bc22e30e', '2026-01-09', 120, 'PEN', 'interes'),
  ('5d702658-46ba-d19b-ba73-9cd193ee2e4c', '88a53bd9-ceac-c301-5f3a-ccc49e1b1690', '31d09894-2743-ed8b-46ac-13e7bc22e30e', '2026-02-09', 120, 'PEN', 'interes'),
  ('5fc61509-b54a-c370-73fa-3ed64293546b', '88a53bd9-ceac-c301-5f3a-ccc49e1b1690', '31d09894-2743-ed8b-46ac-13e7bc22e30e', '2026-03-09', 120, 'PEN', 'interes'),
  ('1c6e8be3-eff8-acac-b4e8-9972a9bf4412', '88a53bd9-ceac-c301-5f3a-ccc49e1b1690', '31d09894-2743-ed8b-46ac-13e7bc22e30e', '2026-04-09', 120, 'PEN', 'interes'),
  ('da2f6023-6bc0-25f9-d9ad-67860666d798', '88a53bd9-ceac-c301-5f3a-ccc49e1b1690', '31d09894-2743-ed8b-46ac-13e7bc22e30e', '2026-05-09', 120, 'PEN', 'interes'),
  ('0f746d8c-7d05-33bf-7f3d-ec7105f43038', '88a53bd9-ceac-c301-5f3a-ccc49e1b1690', '31d09894-2743-ed8b-46ac-13e7bc22e30e', '2026-06-09', 120, 'PEN', 'interes'),
  ('0c69cc7e-98fa-3029-d0cd-d7dbd53d4c40', '27dd73dc-725c-552c-52ff-976aeed6986d', '928c6512-b3a8-a0dc-74a9-3ee63e77842a', '2026-03-10', 400, 'PEN', 'interes'),
  ('8696e554-9ce9-1200-56b8-1506fbef5dea', '27dd73dc-725c-552c-52ff-976aeed6986d', '928c6512-b3a8-a0dc-74a9-3ee63e77842a', '2026-04-10', 400, 'PEN', 'interes'),
  ('7de5958a-2d59-b269-f65c-f1bb4f22e5e1', '27dd73dc-725c-552c-52ff-976aeed6986d', '928c6512-b3a8-a0dc-74a9-3ee63e77842a', '2026-05-10', 400, 'PEN', 'interes'),
  ('1d4c9f57-1046-0a82-edc7-8cc3dd12f150', '27dd73dc-725c-552c-52ff-976aeed6986d', '928c6512-b3a8-a0dc-74a9-3ee63e77842a', '2026-06-10', 400, 'PEN', 'interes'),
  ('3d31a01a-8051-5e0b-50ce-87b0e819acec', '82694718-7a8f-f091-889d-4665e660e6b1', '31d09894-2743-ed8b-46ac-13e7bc22e30e', '2026-06-13', 60, 'PEN', 'interes'),
  ('00cbed2e-782c-0f1d-2bbf-88005ca88fa3', '3bc01a66-51e0-412e-de4a-5d5e35dca701', 'acdb6b7d-5886-b415-45ea-dd38a3e3b3cd', '2025-12-14', 200, 'PEN', 'interes'),
  ('e6861c56-95fa-2fb2-b045-f83f76f50848', '3bc01a66-51e0-412e-de4a-5d5e35dca701', 'acdb6b7d-5886-b415-45ea-dd38a3e3b3cd', '2026-01-14', 200, 'PEN', 'interes'),
  ('52f255ac-0d8d-32ff-e532-d60da0a334f8', '3bc01a66-51e0-412e-de4a-5d5e35dca701', 'acdb6b7d-5886-b415-45ea-dd38a3e3b3cd', '2026-02-14', 200, 'PEN', 'interes'),
  ('d80af3ae-6145-0e0b-71ad-62cffbc6dfc9', '3bc01a66-51e0-412e-de4a-5d5e35dca701', 'acdb6b7d-5886-b415-45ea-dd38a3e3b3cd', '2026-03-14', 200, 'PEN', 'interes'),
  ('6e6fce07-d08c-5b40-6fea-06206e9a73b7', '3bc01a66-51e0-412e-de4a-5d5e35dca701', 'acdb6b7d-5886-b415-45ea-dd38a3e3b3cd', '2026-04-14', 200, 'PEN', 'interes'),
  ('31ac70e6-9ebe-f366-1a76-c84dab844d73', '3bc01a66-51e0-412e-de4a-5d5e35dca701', 'acdb6b7d-5886-b415-45ea-dd38a3e3b3cd', '2026-05-14', 200, 'PEN', 'interes'),
  ('52e2e44f-1070-4a5b-26aa-fba09706b7b8', '3bc01a66-51e0-412e-de4a-5d5e35dca701', 'acdb6b7d-5886-b415-45ea-dd38a3e3b3cd', '2026-06-14', 200, 'PEN', 'interes'),
  ('26eb6225-9bde-622c-fac1-cfca15135adf', '53ea0c24-74a1-6a22-8c5a-ac0836b5cd91', '2dff3377-3b62-ea14-1643-bf38eeb49930', '2026-03-15', 580, 'PEN', 'interes'),
  ('d2c739dd-36a8-5a31-b9d5-4c843b3ba6dc', '53ea0c24-74a1-6a22-8c5a-ac0836b5cd91', '2dff3377-3b62-ea14-1643-bf38eeb49930', '2026-04-15', 580, 'PEN', 'interes'),
  ('97afacee-c78d-5576-d5ef-6e15679ccd2f', '53ea0c24-74a1-6a22-8c5a-ac0836b5cd91', '2dff3377-3b62-ea14-1643-bf38eeb49930', '2026-05-15', 580, 'PEN', 'interes'),
  ('4c9b8686-f1ef-f14e-5367-d59bc73093eb', '53ea0c24-74a1-6a22-8c5a-ac0836b5cd91', '2dff3377-3b62-ea14-1643-bf38eeb49930', '2026-06-15', 580, 'PEN', 'interes'),
  ('e69b6484-54ae-d8b2-ca17-f3dd09e89444', 'e3fea286-4ade-777a-e659-cb7bd26b3c24', '5fd8dae3-0c96-6cd0-9250-7fed5ada3f63', '2026-05-15', 20, 'PEN', 'interes'),
  ('6bd23da9-3b4e-69b4-73d3-9c4e5b057ef0', 'e3fea286-4ade-777a-e659-cb7bd26b3c24', '5fd8dae3-0c96-6cd0-9250-7fed5ada3f63', '2026-06-15', 20, 'PEN', 'interes'),
  ('2431a661-885c-5a1a-bdef-6bc2524dc0b4', 'a2a7f427-efe1-435d-ac5b-7f9aa6a468ff', '7bd10d0f-9f28-ddeb-ecf7-17260ab31f72', '2026-02-15', 200, 'PEN', 'interes'),
  ('db297783-124b-9a5f-63fd-086193369783', 'a2a7f427-efe1-435d-ac5b-7f9aa6a468ff', '7bd10d0f-9f28-ddeb-ecf7-17260ab31f72', '2026-03-15', 200, 'PEN', 'interes'),
  ('14b77a68-583b-17b1-b7cf-efb4e9b07260', 'a2a7f427-efe1-435d-ac5b-7f9aa6a468ff', '7bd10d0f-9f28-ddeb-ecf7-17260ab31f72', '2026-04-15', 200, 'PEN', 'interes'),
  ('bd7a0297-8fa3-1c42-d22e-7067a76cbe30', 'a2a7f427-efe1-435d-ac5b-7f9aa6a468ff', '7bd10d0f-9f28-ddeb-ecf7-17260ab31f72', '2026-05-15', 200, 'PEN', 'interes'),
  ('c26355f0-2ad2-4c96-b79f-c0eaabfae968', 'a2a7f427-efe1-435d-ac5b-7f9aa6a468ff', '7bd10d0f-9f28-ddeb-ecf7-17260ab31f72', '2026-06-15', 200, 'PEN', 'interes'),
  ('899e1ce6-4866-dacd-4c25-92d136ce039a', '62914924-641b-0d90-8572-e9f2d86874d2', '4197da95-12d3-aaab-bb46-7f40ff1374bb', '2026-06-15', 200, 'PEN', 'interes'),
  ('68cb5e2d-30a3-7e20-f90c-9d99ce8c1725', '63b5aa35-1876-4dd3-1a0c-a42bec79e9e6', '928c6512-b3a8-a0dc-74a9-3ee63e77842a', '2026-02-16', 160, 'PEN', 'interes'),
  ('01b39c1f-3934-f218-f616-7442310daf60', '63b5aa35-1876-4dd3-1a0c-a42bec79e9e6', '928c6512-b3a8-a0dc-74a9-3ee63e77842a', '2026-03-16', 160, 'PEN', 'interes'),
  ('5212b054-83cb-3276-fe4a-f5a53197cc6e', '63b5aa35-1876-4dd3-1a0c-a42bec79e9e6', '928c6512-b3a8-a0dc-74a9-3ee63e77842a', '2026-04-16', 160, 'PEN', 'interes'),
  ('400dfd58-0393-5b92-f6db-fe3b33f5927e', '63b5aa35-1876-4dd3-1a0c-a42bec79e9e6', '928c6512-b3a8-a0dc-74a9-3ee63e77842a', '2026-05-16', 160, 'PEN', 'interes'),
  ('83c1d65e-cde6-090c-6f05-7c1f2b9f280a', '63b5aa35-1876-4dd3-1a0c-a42bec79e9e6', '928c6512-b3a8-a0dc-74a9-3ee63e77842a', '2026-06-16', 160, 'PEN', 'interes'),
  ('f7343041-39a0-4701-9860-7b14451ee00b', '2594cd0f-8a9e-fdc5-6c53-684abbee9eca', '3f2af4b4-ca7c-9f67-e423-91e62f62cdf2', '2026-02-16', 30, 'USD', 'interes'),
  ('98133874-5e37-c19f-be54-bdc4ea81ab9d', '2594cd0f-8a9e-fdc5-6c53-684abbee9eca', '3f2af4b4-ca7c-9f67-e423-91e62f62cdf2', '2026-03-16', 30, 'USD', 'interes'),
  ('afbffa4c-eeb5-97ff-9bb0-0f8bc088a820', '2594cd0f-8a9e-fdc5-6c53-684abbee9eca', '3f2af4b4-ca7c-9f67-e423-91e62f62cdf2', '2026-04-16', 30, 'USD', 'interes'),
  ('e3208641-dc26-fd4f-4723-b520029ee66f', '2594cd0f-8a9e-fdc5-6c53-684abbee9eca', '3f2af4b4-ca7c-9f67-e423-91e62f62cdf2', '2026-05-16', 30, 'USD', 'interes'),
  ('4154f1b8-5bec-59e8-846a-1bd50b86737d', '2594cd0f-8a9e-fdc5-6c53-684abbee9eca', '3f2af4b4-ca7c-9f67-e423-91e62f62cdf2', '2026-06-16', 30, 'USD', 'interes'),
  ('c2a6aed0-fbc5-ca8c-381a-10f4400bfed8', '8aa10d94-ea65-d379-32fd-aa1e9ce5d0a0', '0005b353-2a75-6a37-7636-a4c7c2b5fb37', '2026-06-17', 200, 'PEN', 'interes'),
  ('bd845b0c-6384-c17e-efac-d079754d7a08', '9f54d76c-768d-cc38-bde0-5def1f4ba83b', '4e2fcf2a-8d0a-b8d7-5a02-51d201ba312e', '2025-11-24', 72, 'PEN', 'interes'),
  ('79012598-2cd2-dfee-c749-85c07a23d58a', '9f54d76c-768d-cc38-bde0-5def1f4ba83b', '4e2fcf2a-8d0a-b8d7-5a02-51d201ba312e', '2025-12-24', 72, 'PEN', 'interes'),
  ('26dfe7ad-8db2-91ae-9e31-5aeff5436913', '9f54d76c-768d-cc38-bde0-5def1f4ba83b', '4e2fcf2a-8d0a-b8d7-5a02-51d201ba312e', '2026-01-24', 72, 'PEN', 'interes'),
  ('e9d7e956-50ad-9da6-3a32-3e0db03202b9', '9f54d76c-768d-cc38-bde0-5def1f4ba83b', '4e2fcf2a-8d0a-b8d7-5a02-51d201ba312e', '2026-02-24', 72, 'PEN', 'interes'),
  ('d022962b-3d20-23ec-d1ee-6f300a13f7b3', '9f54d76c-768d-cc38-bde0-5def1f4ba83b', '4e2fcf2a-8d0a-b8d7-5a02-51d201ba312e', '2026-04-24', 72, 'PEN', 'interes'),
  ('51914382-15a5-8bca-2962-ebe8702a515e', '9f54d76c-768d-cc38-bde0-5def1f4ba83b', '4e2fcf2a-8d0a-b8d7-5a02-51d201ba312e', '2026-05-24', 72, 'PEN', 'interes'),
  ('d4b1bfe6-6283-208f-f03c-71e5a8a427b5', '9f54d76c-768d-cc38-bde0-5def1f4ba83b', '4e2fcf2a-8d0a-b8d7-5a02-51d201ba312e', '2026-06-24', 72, 'PEN', 'interes'),
  ('b743bf4a-5f87-85b6-9e5e-13e01fcd7110', '1e6219ed-8486-5bf8-0dd9-1081c589a609', 'a41b227b-b37e-d933-aa19-53c0089d636b', '2025-12-28', 64.6, 'USD', 'interes'),
  ('6e8235fe-5d32-85a4-b88e-16096f6587ad', '1e6219ed-8486-5bf8-0dd9-1081c589a609', 'a41b227b-b37e-d933-aa19-53c0089d636b', '2026-01-28', 64.6, 'USD', 'interes'),
  ('99d14e9c-432c-10be-953b-bc3a701dfa47', '1e6219ed-8486-5bf8-0dd9-1081c589a609', 'a41b227b-b37e-d933-aa19-53c0089d636b', '2026-02-28', 64.6, 'USD', 'interes'),
  ('5a33bf57-e949-920c-e7a7-eb22336140a2', '1e6219ed-8486-5bf8-0dd9-1081c589a609', 'a41b227b-b37e-d933-aa19-53c0089d636b', '2026-03-28', 64.6, 'USD', 'interes'),
  ('931c121f-c77b-79f4-c6af-b4fd8827a1a3', '1e6219ed-8486-5bf8-0dd9-1081c589a609', 'a41b227b-b37e-d933-aa19-53c0089d636b', '2026-06-28', 64.6, 'USD', 'interes'),
  ('61961c41-7444-53a1-6e09-ff7028fc2fef', 'e9600ce5-a84e-aa03-21de-55dfe204321a', '070b9fb7-d856-1a9c-2074-69a93bec8eb6', '2025-11-28', 300, 'PEN', 'interes'),
  ('3d5845f2-1e14-de7e-4f29-7fecce7ecd86', 'e9600ce5-a84e-aa03-21de-55dfe204321a', '070b9fb7-d856-1a9c-2074-69a93bec8eb6', '2025-12-28', 300, 'PEN', 'interes'),
  ('db489a20-5fc1-7e3b-6c24-103e7bd78f93', 'e9600ce5-a84e-aa03-21de-55dfe204321a', '070b9fb7-d856-1a9c-2074-69a93bec8eb6', '2026-01-28', 300, 'PEN', 'interes'),
  ('fa939689-fd8f-b4f1-531e-697c63f18ace', 'e9600ce5-a84e-aa03-21de-55dfe204321a', '070b9fb7-d856-1a9c-2074-69a93bec8eb6', '2026-03-28', 300, 'PEN', 'interes'),
  ('4fcb85aa-12e4-e39b-4e64-749699dd91ee', 'e9600ce5-a84e-aa03-21de-55dfe204321a', '070b9fb7-d856-1a9c-2074-69a93bec8eb6', '2026-04-28', 300, 'PEN', 'interes'),
  ('f350f874-053d-3a07-9b4b-9155a6dcfb9b', 'e9600ce5-a84e-aa03-21de-55dfe204321a', '070b9fb7-d856-1a9c-2074-69a93bec8eb6', '2026-05-28', 300, 'PEN', 'interes'),
  ('1b4d2260-0646-bc2c-813f-d601e9f92d27', 'e9600ce5-a84e-aa03-21de-55dfe204321a', '070b9fb7-d856-1a9c-2074-69a93bec8eb6', '2026-06-28', 300, 'PEN', 'interes'),
  ('ed0848d1-b5f5-f213-4c1b-986f7c11b49d', '9ee95078-5ddb-5857-07f5-3e28b40da3b9', 'a03aa040-c266-d329-7501-677d666cd908', '2025-12-28', 200, 'PEN', 'interes'),
  ('8012262c-ffd5-f51c-c18a-90ac5834274b', '9ee95078-5ddb-5857-07f5-3e28b40da3b9', 'a03aa040-c266-d329-7501-677d666cd908', '2026-01-28', 200, 'PEN', 'interes'),
  ('db5dd008-3d44-d804-3079-704dd9cedffa', '9ee95078-5ddb-5857-07f5-3e28b40da3b9', 'a03aa040-c266-d329-7501-677d666cd908', '2026-02-28', 200, 'PEN', 'interes'),
  ('48e41cd5-c1a7-8f2e-e41c-8d6b186dfbcb', '9ee95078-5ddb-5857-07f5-3e28b40da3b9', 'a03aa040-c266-d329-7501-677d666cd908', '2026-03-28', 200, 'PEN', 'interes'),
  ('8554aec1-0c70-69c2-491e-a02889eea8c9', '9ee95078-5ddb-5857-07f5-3e28b40da3b9', 'a03aa040-c266-d329-7501-677d666cd908', '2026-04-28', 200, 'PEN', 'interes'),
  ('6d5fcd83-5a06-66ab-f9da-91855bcc87bd', '9ee95078-5ddb-5857-07f5-3e28b40da3b9', 'a03aa040-c266-d329-7501-677d666cd908', '2026-05-28', 200, 'PEN', 'interes'),
  ('8ac13493-1fba-f3dd-9896-734d346b62f0', '9ee95078-5ddb-5857-07f5-3e28b40da3b9', 'a03aa040-c266-d329-7501-677d666cd908', '2026-06-28', 200, 'PEN', 'interes'),
  ('5e1e50fe-84fb-d216-e53b-335a67e77492', '6a45b2e0-59eb-bf6f-2d13-729c77591715', 'a03aa040-c266-d329-7501-677d666cd908', '2026-02-28', 200, 'PEN', 'interes'),
  ('a9a45cf8-ed93-1c84-0b22-4fa9e1e3dd17', '6a45b2e0-59eb-bf6f-2d13-729c77591715', 'a03aa040-c266-d329-7501-677d666cd908', '2026-03-28', 200, 'PEN', 'interes'),
  ('f464dd3b-19c0-0fa5-c910-53fff77e04a0', '6a45b2e0-59eb-bf6f-2d13-729c77591715', 'a03aa040-c266-d329-7501-677d666cd908', '2026-04-28', 200, 'PEN', 'interes'),
  ('bb43b847-1c82-008d-c6da-74c2652c4520', '6a45b2e0-59eb-bf6f-2d13-729c77591715', 'a03aa040-c266-d329-7501-677d666cd908', '2026-05-28', 200, 'PEN', 'interes'),
  ('69023ddd-0770-545e-4604-b1fd48254b67', '6a45b2e0-59eb-bf6f-2d13-729c77591715', 'a03aa040-c266-d329-7501-677d666cd908', '2026-06-28', 200, 'PEN', 'interes'),
  ('78b7960d-f3e4-845f-b516-87552ba0d247', '6807ce7b-0df8-cfdc-9dc4-9ce48b5f0eec', '5fd8dae3-0c96-6cd0-9250-7fed5ada3f63', '2025-11-28', 200, 'PEN', 'interes'),
  ('3d679578-3a39-e3d9-6d4a-27e17fa0c949', '6807ce7b-0df8-cfdc-9dc4-9ce48b5f0eec', '5fd8dae3-0c96-6cd0-9250-7fed5ada3f63', '2025-12-28', 200, 'PEN', 'interes'),
  ('408bcfa1-72da-0970-9102-e0ed6e67e033', '6807ce7b-0df8-cfdc-9dc4-9ce48b5f0eec', '5fd8dae3-0c96-6cd0-9250-7fed5ada3f63', '2026-02-28', 200, 'PEN', 'interes'),
  ('c5da4c78-98f6-d716-1099-711f41a6bb7b', '6807ce7b-0df8-cfdc-9dc4-9ce48b5f0eec', '5fd8dae3-0c96-6cd0-9250-7fed5ada3f63', '2026-03-28', 200, 'PEN', 'interes'),
  ('4b107f94-ef90-5b56-af93-186911db08e4', '6807ce7b-0df8-cfdc-9dc4-9ce48b5f0eec', '5fd8dae3-0c96-6cd0-9250-7fed5ada3f63', '2026-04-28', 200, 'PEN', 'interes'),
  ('5f34a11b-7a85-1097-1c8b-19bd75e805e4', '6807ce7b-0df8-cfdc-9dc4-9ce48b5f0eec', '5fd8dae3-0c96-6cd0-9250-7fed5ada3f63', '2026-05-28', 200, 'PEN', 'interes'),
  ('2147f863-a36d-bc70-b4ce-e1f87a686b7a', '6807ce7b-0df8-cfdc-9dc4-9ce48b5f0eec', '5fd8dae3-0c96-6cd0-9250-7fed5ada3f63', '2026-06-28', 200, 'PEN', 'interes'),
  ('55fe863b-1b5f-def4-34f8-029592c18333', '891cf3d7-a086-6855-5bb7-6334b9114036', '71f7df43-3489-fed9-f024-8e242f3a1aee', '2025-11-28', 200, 'PEN', 'interes'),
  ('aaf2c697-4f07-0f2b-7aad-56d10d62a406', '891cf3d7-a086-6855-5bb7-6334b9114036', '71f7df43-3489-fed9-f024-8e242f3a1aee', '2025-12-28', 200, 'PEN', 'interes'),
  ('fe8afa68-c573-5850-3b5b-d12d2db37054', '891cf3d7-a086-6855-5bb7-6334b9114036', '71f7df43-3489-fed9-f024-8e242f3a1aee', '2026-02-28', 200, 'PEN', 'interes'),
  ('3d36d06b-a4f7-adef-1ece-d7d0abb39532', '891cf3d7-a086-6855-5bb7-6334b9114036', '71f7df43-3489-fed9-f024-8e242f3a1aee', '2026-03-28', 200, 'PEN', 'interes'),
  ('dbc7ef1c-1741-7954-81f7-d02f7d3bb8aa', '891cf3d7-a086-6855-5bb7-6334b9114036', '71f7df43-3489-fed9-f024-8e242f3a1aee', '2026-04-28', 200, 'PEN', 'interes'),
  ('74a3c9cc-3604-7cad-43d4-ed0b53354951', '891cf3d7-a086-6855-5bb7-6334b9114036', '71f7df43-3489-fed9-f024-8e242f3a1aee', '2026-05-28', 200, 'PEN', 'interes'),
  ('6257a735-f470-a812-c55f-46c81644605f', '891cf3d7-a086-6855-5bb7-6334b9114036', '71f7df43-3489-fed9-f024-8e242f3a1aee', '2026-06-28', 200, 'PEN', 'interes'),
  ('bd195327-86b5-068c-9b89-926a88a3e4f2', '5c9fb355-be6a-f8ce-56c7-dcb419da059e', '76489c47-bc4c-79ee-7cd0-f318aac79ef1', '2026-04-28', 600, 'PEN', 'interes'),
  ('044cc22c-2b6a-a061-4832-102024ee7882', '5c9fb355-be6a-f8ce-56c7-dcb419da059e', '76489c47-bc4c-79ee-7cd0-f318aac79ef1', '2026-05-28', 600, 'PEN', 'interes'),
  ('cba33e21-42a0-198e-73d3-e183eba87dfd', '5c9fb355-be6a-f8ce-56c7-dcb419da059e', '76489c47-bc4c-79ee-7cd0-f318aac79ef1', '2026-06-28', 600, 'PEN', 'interes'),
  ('eabb813f-c666-0a79-03d9-2ad2f981d740', '3e2f46e4-1f07-9fd9-68f5-861908c2ac44', '2dff3377-3b62-ea14-1643-bf38eeb49930', '2026-03-28', 520, 'PEN', 'interes'),
  ('82b60fdd-b142-ad10-7cc0-9fb986ba0ab1', '3e2f46e4-1f07-9fd9-68f5-861908c2ac44', '2dff3377-3b62-ea14-1643-bf38eeb49930', '2026-04-28', 520, 'PEN', 'interes'),
  ('561e0b0b-b487-a1d1-a89d-a59ab3a918ba', '3e2f46e4-1f07-9fd9-68f5-861908c2ac44', '2dff3377-3b62-ea14-1643-bf38eeb49930', '2026-05-28', 520, 'PEN', 'interes'),
  ('fb570331-00ee-73b4-bc51-383f3e38fcc3', '3e2f46e4-1f07-9fd9-68f5-861908c2ac44', '2dff3377-3b62-ea14-1643-bf38eeb49930', '2026-06-28', 520, 'PEN', 'interes'),
  ('08772c0b-f987-3b86-846d-f0440482f23a', '6aff56dd-da62-164a-3d89-232ea18c3215', '2dff3377-3b62-ea14-1643-bf38eeb49930', '2026-03-28', 30, 'USD', 'interes'),
  ('7ed5a9e2-9c97-a048-41ee-770b68da1854', '6aff56dd-da62-164a-3d89-232ea18c3215', '2dff3377-3b62-ea14-1643-bf38eeb49930', '2026-04-28', 30, 'USD', 'interes'),
  ('83d8e9a9-10f3-b33c-fa9b-8bb9174da13f', '6aff56dd-da62-164a-3d89-232ea18c3215', '2dff3377-3b62-ea14-1643-bf38eeb49930', '2026-05-28', 30, 'USD', 'interes'),
  ('b4cb0c2c-1546-3890-cc32-5f30c2788c9f', '6aff56dd-da62-164a-3d89-232ea18c3215', '2dff3377-3b62-ea14-1643-bf38eeb49930', '2026-06-28', 30, 'USD', 'interes');
